n,score,baseline,improvement,source
200,0.1596125000,0.3704527724,0.2108402724,ReverseGreedy
199,0.1604145729,0.3696158011,0.2092012282,ReverseGreedy
