n,score,baseline,improvement,source
200,0.1596125000,0.3704527724,0.2108402724,ReverseGreedy
199,0.1604145729,0.3696158011,0.2092012282,ReverseGreedy
198,0.1612247475,0.3675820297,0.2063572823,ReverseGreedy
197,0.1620431472,0.3694479284,0.2074047812,ReverseGreedy
196,0.1628698980,0.3667043959,0.2038344980,ReverseGreedy
195,0.1637051282,0.3684026343,0.2046975061,ReverseGreedy
194,0.1645489691,0.3678373875,0.2032884184,ReverseGreedy
193,0.1654015544,0.3679203695,0.2025188151,ReverseGreedy
192,0.1662630208,0.3687220327,0.2024590118,ReverseGreedy
